<?xml version="1.0" encoding="UTF-8"?>
<jax-ws xmlns="http://www.netbeans.org/ns/jax-ws/1">
  <services>
    <service name="RandomWebServiceImpl">
      <implementation-class>RandomWebService.RandomWebServiceImpl</implementation-class>
    </service>
  </services>
  <clients>
    <client name="random">
      <wsdl-url>http://localhost:9999/ws/random?wsdl</wsdl-url>
      <local-wsdl-file>localhost_9999/ws/random.wsdl</local-wsdl-file>
      <package-name forceReplace="true">RandomWebServiceClient</package-name>
      <catalog-file>catalog.xml</catalog-file>
      <use-dispatch>true</use-dispatch>
      <wsimport-options>
        <wsimport-option>
          <wsimport-option-name>extension</wsimport-option-name>
          <wsimport-option-value>true</wsimport-option-value>
        </wsimport-option>
        <wsimport-option>
          <wsimport-option-name>verbose</wsimport-option-name>
          <wsimport-option-value>true</wsimport-option-value>
        </wsimport-option>
        <wsimport-option>
          <wsimport-option-name>fork</wsimport-option-name>
          <wsimport-option-value>false</wsimport-option-value>
        </wsimport-option>
        <wsimport-option>
          <wsimport-option-name>wsdlLocation</wsimport-option-name>
          <wsimport-option-value>http://localhost:9999/ws/random?wsdl</wsimport-option-value>
        </wsimport-option>
        <wsimport-option>
          <wsimport-option-name>xnocompile</wsimport-option-name>
          <wsimport-option-value>true</wsimport-option-value>
        </wsimport-option>
        <wsimport-option>
          <wsimport-option-name>xendorsed</wsimport-option-name>
          <wsimport-option-value>true</wsimport-option-value>
        </wsimport-option>
        <wsimport-option>
          <wsimport-option-name>package</wsimport-option-name>
          <wsimport-option-value>RandomWebServiceClient</wsimport-option-value>
        </wsimport-option>
        <wsimport-option>
          <wsimport-option-name>target</wsimport-option-name>
          <wsimport-option-value>2.1</wsimport-option-value>
        </wsimport-option>
      </wsimport-options>
    </client>
    <client name="random_1">
      <wsdl-url>file:/home/aleksi/koodi/jyu-soa-cloud/demo2/WebServiceWithWEBAPI/xml-resources/web-service-references/random/wsdl/localhost_9999/ws/random.wsdl</wsdl-url>
      <local-wsdl-file>random.wsdl</local-wsdl-file>
      <package-name forceReplace="true">RandomWebServiceClient2</package-name>
      <catalog-file>catalog.xml</catalog-file>
      <wsimport-options>
        <wsimport-option>
          <wsimport-option-name>extension</wsimport-option-name>
          <wsimport-option-value>true</wsimport-option-value>
        </wsimport-option>
        <wsimport-option>
          <wsimport-option-name>verbose</wsimport-option-name>
          <wsimport-option-value>true</wsimport-option-value>
        </wsimport-option>
        <wsimport-option>
          <wsimport-option-name>fork</wsimport-option-name>
          <wsimport-option-value>false</wsimport-option-value>
        </wsimport-option>
        <wsimport-option>
          <wsimport-option-name>wsdlLocation</wsimport-option-name>
          <wsimport-option-value>file:/home/aleksi/koodi/jyu-soa-cloud/demo2/WebServiceWithWEBAPI/xml-resources/web-service-references/random/wsdl/localhost_9999/ws/random.wsdl</wsimport-option-value>
        </wsimport-option>
        <wsimport-option>
          <wsimport-option-name>xnocompile</wsimport-option-name>
          <wsimport-option-value>true</wsimport-option-value>
        </wsimport-option>
        <wsimport-option>
          <wsimport-option-name>xendorsed</wsimport-option-name>
          <wsimport-option-value>true</wsimport-option-value>
        </wsimport-option>
        <wsimport-option>
          <wsimport-option-name>package</wsimport-option-name>
          <wsimport-option-value>RandomWebServiceClient2</wsimport-option-value>
        </wsimport-option>
        <wsimport-option>
          <wsimport-option-name>target</wsimport-option-name>
          <wsimport-option-value>2.1</wsimport-option-value>
        </wsimport-option>
      </wsimport-options>
    </client>
  </clients>
  <jsr109>false</jsr109>
</jax-ws>
